{
  "version": 2,
  "framework": "nextjs",
  "buildCommand": "npm run build",
  "devCommand": "npm run dev",
  "installCommand": "npm install",
  "outputDirectory": ".next",
  "functions": {
    "src/app/api/**/*.ts": {
      "maxDuration": 30
    }
  },
  "regions": ["iad1"],
  "rewrites": [
    {
      "source": "/api/(.*)",
      "destination": "/api/$1"
    }
  ],
  "headers": [
    {
      "source": "/api/(.*)",
      "headers": [
        {
          "key": "Access-Control-Allow-Origin",
          "value": "*"
        },
        {
          "key": "Access-Control-Allow-Methods",
          "value": "GET, POST, PUT, DELETE, OPTIONS"
        },
        {
          "key": "Access-Control-Allow-Headers",
          "value": "Content-Type, Authorization"
        }
      ]
    }
  ]
}